{
  "templates": {
    "load_inquiry": {
      "subject": "Load Inquiry - {origin} to {destination} on {pickup_date}",
      "body": "Hello,\n\nI hope this email finds you well. I am interested in your load posting:\n\nOrigin: {origin}\nDestination: {destination}\nPickup Date: {pickup_date}\nRate: ${rate}\nMiles: {miles}\nEquipment: {equipment}\n\nI have a reliable driver and equipment ready for this shipment. Please let me know if this load is still available.\n\nThank you for your time.\n\nBest regards,\n{signature}"
    },
    "rate_negotiation": {
      "subject": "Rate Discussion - {origin} to {destination}",
      "body": "Hello,\n\nI reviewed your load from {origin} to {destination} and I'm very interested. Based on current market rates and fuel costs, I would like to discuss the rate.\n\nCould we consider ${proposed_rate} for this shipment? I can guarantee:\n- On-time pickup and delivery\n- Professional service\n- Proper equipment\n- Full insurance coverage\n\nPlease let me know your thoughts.\n\nBest regards,\n{signature}"
    },
    "follow_up": {
      "subject": "Following up - {origin} to {destination}",
      "body": "Hello,\n\nI wanted to follow up on the load I inquired about earlier:\n\nOrigin: {origin}\nDestination: {destination}\nPickup Date: {pickup_date}\nRate: ${rate}\n\nIs this load still available? I'm ready to move immediately if needed.\n\nThank you,\n{signature}"
    },
    "quick_response": {
      "subject": "Available for {origin} to {destination} Load",
      "body": "Hello,\n\nI just saw your load posting and I'm immediately available:\n\nLoad: {origin} to {destination}\nPickup: {pickup_date}\nRate: ${rate}\n\nI can confirm pickup today. Please call me at your earliest convenience.\n\nThank you,\n{signature}"
    }
  },
  "signature": "John Smith\nABC Trucking LLC\nPhone: (555) 123-4567\nEmail: john@abctrucking.com\nMC# 123456 | DOT# 654321"
}
