{
  "version": "4.0.0",
  "buildDate": "2025-08-25T22:50:19.145Z",
  "environment": "enterprise",
  "features": [
    "advanced-ai-analytics",
    "real-time-dashboard",
    "enterprise-security",
    "compliance-framework",
    "performance-optimization",
    "predictive-modeling",
    "market-intelligence"
  ],
  "buildId": "ENT-1756162219162",
  "git": {
    "commit": "latest",
    "branch": "enterprise",
    "author": "Enterprise Team"
  },
  "files": [
    ".vscode\\tasks.json",
    "background.js",
    "content-script-enterprise.js",
    "content-script.js",
    "deploy-enterprise.js",
    "FIREFOX_INSTALL.md",
    "icons\\icon-128.png",
    "icons\\icon-16.png",
    "icons\\icon-32.png",
    "icons\\icon-48.png",
    "icons\\icon-template.svg",
    "icons\\README.md",
    "libs\\analytics-engine.js",
    "libs\\enterprise-analytics.js",
    "libs\\enterprise-dashboard.js",
    "libs\\enterprise-security.js",
    "libs\\load-detector.js",
    "libs\\ui-enhancer.js",
    "manifest.json",
    "options\\options.html",
    "options\\options.js",
    "package-lock.json",
    "package.json",
    "popup\\popup.html",
    "popup\\popup.js",
    "PROJECT-SUMMARY.md",
    "README.md",
    "styles\\content.css",
    "styles\\enterprise-dashboard.css",
    "validate-enterprise.js",
    "validate.js"
  ],
  "checksums": {
    "manifest.json": "8ae",
    "background.js": "2aa8",
    "content-script-enterprise.js": "6985"
  }
}